"Time","export ai chat","export chat","web to file","web to pdf","page to pdf","web to pptx","presentation"
"2025-08-03",0,1,1,7,3,0,26
"2025-08-10",0,1,1,9,7,0,33
"2025-08-17",0,1,1,9,7,0,31
"2025-08-24",0,1,1,8,5,0,28
"2025-08-31",0,1,1,8,6,0,31
"2025-09-07",0,1,1,8,6,0,33
"2025-09-14",0,1,1,9,6,0,32
"2025-09-21",0,1,1,8,6,0,33
"2025-09-28",0,1,1,8,6,0,36
"2025-10-05",0,1,1,8,5,0,31
"2025-10-12",0,1,1,8,6,0,34
"2025-10-19",0,1,1,6,6,0,30
"2025-10-26",0,1,1,7,6,0,30
"2025-11-02",0,1,1,8,9,0,32
"2025-11-09",0,1,1,8,10,0,33
"2025-11-16",0,1,1,8,10,0,33
"2025-11-23",0,1,1,10,15,0,31
"2025-11-30",0,1,2,11,16,0,36
"2025-12-07",0,1,1,10,8,0,30
"2025-12-14",0,1,1,10,9,0,26
"2025-12-21",0,1,1,7,4,0,16
"2025-12-28",0,1,1,7,4,0,15
"2026-01-04",0,1,1,8,4,0,23
"2026-01-11",0,1,1,7,6,0,27
"2026-01-18",0,1,1,8,7,0,29
"2026-01-25",0,1,1,9,8,0,31
"2026-02-01",0,1,1,9,7,0,35
"2026-02-08",0,1,1,8,6,0,33
"2026-02-15",0,1,1,8,7,0,41
"2026-02-22",0,1,1,10,8,0,36
"2026-03-01",0,1,1,9,7,0,31
"2026-03-08",0,1,1,9,7,0,33
"2026-03-15",0,1,1,8,8,0,32
"2026-03-22",0,1,1,9,9,0,34
"2026-03-29",0,1,1,10,10,0,34
"2026-04-05",0,1,1,11,10,0,35
"2026-04-12",0,1,1,10,8,0,36
"2026-04-19",0,1,1,9,8,0,37
"2026-04-26",0,1,2,9,8,0,36
"2026-05-03",0,1,2,10,10,0,43
"2026-05-10",0,1,2,11,10,0,41
"2026-05-17",0,1,1,10,9,0,35
"2026-05-24",0,2,2,10,8,0,35
"2026-05-31",0,1,1,11,10,0,39
"2026-06-07",0,1,1,11,8,0,43
"2026-06-14",0,1,2,11,9,0,45
"2026-06-21",0,1,1,9,8,0,38
"2026-06-28",0,1,1,9,8,0,33
"2026-07-05",0,1,1,9,7,0,36
"2026-07-12",0,1,1,8,4,0,29
"2026-07-19",0,1,1,7,3,0,100
"2026-07-26",0,1,1,7,3,0,64